datum,imsak,gunes,ogle,ikindi,aksam,yatsi
2026-01-01,06:23,08:15,12:32,14:20,16:40,18:18
2026-01-02,06:23,08:15,12:33,14:21,16:41,18:19
2026-01-03,06:23,08:14,12:33,14:22,16:42,18:20
2026-01-04,06:23,08:14,12:34,14:23,16:43,18:21
2026-01-05,06:23,08:14,12:34,14:24,16:44,18:22
2026-01-06,06:23,08:14,12:34,14:25,16:45,18:23
2026-01-07,06:23,08:13,12:35,14:26,16:46,18:24
2026-01-08,06:23,08:13,12:35,14:27,16:48,18:25
2026-01-09,06:23,08:13,12:36,14:28,16:49,18:26
2026-01-10,06:22,08:12,12:36,14:29,16:50,18:27
2026-01-11,06:22,08:12,12:37,14:30,16:52,18:28
2026-01-12,06:22,08:11,12:37,14:31,16:53,18:29
2026-01-13,06:21,08:10,12:37,14:32,16:54,18:31
2026-01-14,06:21,08:10,12:38,14:34,16:56,18:32
2026-01-15,06:20,08:09,12:38,14:35,16:57,18:33
2026-01-16,06:20,08:08,12:38,14:36,16:59,18:34
2026-01-17,06:19,08:07,12:39,14:37,17:00,18:36
2026-01-18,06:19,08:07,12:39,14:38,17:02,18:37
2026-01-19,06:18,08:06,12:39,14:40,17:03,18:38
2026-01-20,06:17,08:05,12:40,14:41,17:05,18:39
2026-01-21,06:17,08:04,12:40,14:42,17:06,18:41
2026-01-22,06:16,08:03,12:40,14:44,17:08,18:42
2026-01-23,06:15,08:02,12:41,14:45,17:09,18:43
2026-01-24,06:14,08:01,12:41,14:46,17:11,18:45
2026-01-25,06:13,07:59,12:41,14:48,17:13,18:46
2026-01-26,06:12,07:58,12:41,14:49,17:14,18:47
2026-01-27,06:12,07:57,12:41,14:50,17:16,18:49
2026-01-28,06:11,07:56,12:42,14:52,17:18,18:50
2026-01-29,06:09,07:54,12:42,14:53,17:19,18:52
2026-01-30,06:08,07:53,12:42,14:55,17:21,18:53
2026-01-31,06:07,07:52,12:42,14:56,17:23,18:55
2026-02-01,06:06,07:50,12:42,14:57,17:24,18:56
2026-02-02,06:05,07:49,12:42,14:59,17:26,18:58
2026-02-03,06:04,07:47,12:43,15:00,17:28,18:59
2026-02-04,06:02,07:46,12:43,15:01,17:29,19:00
2026-02-05,06:01,07:44,12:43,15:03,17:31,19:02
2026-02-06,06:00,07:43,12:43,15:04,17:33,19:03
2026-02-07,05:58,07:41,12:43,15:06,17:35,19:05
2026-02-08,05:57,07:40,12:43,15:07,17:36,19:06
2026-02-09,05:56,07:38,12:43,15:08,17:38,19:08
2026-02-10,05:54,07:36,12:43,15:10,17:40,19:09
2026-02-11,05:53,07:35,12:43,15:11,17:41,19:11
2026-02-12,05:51,07:33,12:43,15:12,17:43,19:13
2026-02-13,05:50,07:31,12:43,15:14,17:45,19:14
2026-02-14,05:48,07:29,12:43,15:15,17:47,19:16
2026-02-15,05:46,07:28,12:43,15:16,17:48,19:17
2026-02-16,05:45,07:26,12:43,15:18,17:50,19:19
2026-02-17,05:43,07:24,12:43,15:19,17:52,19:20
2026-02-18,05:41,07:22,12:43,15:20,17:53,19:22
2026-02-19,05:40,07:20,12:43,15:21,17:55,19:23
2026-02-20,05:38,07:18,12:43,15:23,17:57,19:25
2026-02-21,05:36,07:16,12:42,15:24,17:58,19:27
2026-02-22,05:34,07:15,12:42,15:25,18:00,19:28
2026-02-23,05:32,07:13,12:42,15:27,18:02,19:30
2026-02-24,05:30,07:11,12:42,15:28,18:04,19:31
2026-02-25,05:29,07:09,12:42,15:29,18:05,19:33
2026-02-26,05:27,07:07,12:42,15:30,18:07,19:34
2026-02-27,05:25,07:05,12:42,15:31,18:09,19:36
2026-02-28,05:23,07:03,12:41,15:33,18:10,19:38
2026-03-01,05:21,07:01,12:41,15:34,18:12,19:39
2026-03-02,05:19,06:59,12:41,15:35,18:13,19:41
2026-03-03,05:17,06:57,12:41,15:36,18:15,19:43
2026-03-04,05:14,06:55,12:41,15:37,18:17,19:44
2026-03-05,05:12,06:52,12:40,15:38,18:18,19:46
2026-03-06,05:10,06:50,12:40,15:40,18:20,19:48
2026-03-07,05:08,06:48,12:40,15:41,18:22,19:49
2026-03-08,05:06,06:46,12:40,15:42,18:23,19:51
2026-03-09,05:04,06:44,12:39,15:43,18:25,19:52
2026-03-10,05:02,06:42,12:39,15:44,18:27,19:54
2026-03-11,04:59,06:40,12:39,15:45,18:28,19:56
2026-03-12,04:57,06:38,12:39,15:46,18:30,19:58
2026-03-13,04:55,06:36,12:38,15:47,18:31,19:59
2026-03-14,04:52,06:33,12:38,15:48,18:33,20:01
2026-03-15,04:50,06:31,12:38,15:49,18:35,20:03
2026-03-16,04:48,06:29,12:38,15:50,18:36,20:04
2026-03-17,04:45,06:27,12:37,15:51,18:38,20:06
2026-03-18,04:43,06:25,12:37,15:52,18:39,20:08
2026-03-19,04:41,06:23,12:37,15:53,18:41,20:10
2026-03-20,04:38,06:20,12:36,15:54,18:42,20:11
2026-03-21,04:36,06:18,12:36,15:55,18:44,20:13
2026-03-22,04:33,06:16,12:36,15:56,18:46,20:15
2026-03-23,04:31,06:14,12:36,15:57,18:47,20:17
2026-03-24,04:28,06:12,12:35,15:58,18:49,20:19
2026-03-25,04:26,06:10,12:35,15:59,18:50,20:20
2026-03-26,04:23,06:07,12:35,15:59,18:52,20:22
2026-03-27,04:21,06:05,12:34,16:00,18:53,20:24
2026-03-28,04:18,06:03,12:34,16:01,18:55,20:26
2026-03-29,05:16,07:01,13:34,17:02,19:57,21:28
2026-03-30,05:13,06:59,13:33,17:03,19:58,21:30
2026-03-31,05:11,06:57,13:33,17:04,20:00,21:32
2026-04-01,05:08,06:54,13:33,17:05,20:01,21:33
2026-04-02,05:05,06:52,13:33,17:05,20:03,21:35
2026-04-03,05:03,06:50,13:32,17:06,20:04,21:37
2026-04-04,05:00,06:48,13:32,17:07,20:06,21:39
2026-04-05,04:57,06:46,13:32,17:08,20:08,21:41
2026-04-06,04:55,06:44,13:31,17:09,20:09,21:43
2026-04-07,04:52,06:42,13:31,17:09,20:11,21:45
2026-04-08,04:49,06:39,13:31,17:10,20:12,21:47
2026-04-09,04:47,06:37,13:31,17:11,20:14,21:49
2026-04-10,04:44,06:35,13:30,17:12,20:15,21:51
2026-04-11,04:41,06:33,13:30,17:12,20:17,21:53
2026-04-12,04:38,06:31,13:30,17:13,20:18,21:56
2026-04-13,04:36,06:29,13:30,17:14,20:20,21:58
2026-04-14,04:33,06:27,13:29,17:14,20:22,22:00
2026-04-15,04:30,06:25,13:29,17:15,20:23,22:02
2026-04-16,04:27,06:23,13:29,17:16,20:25,22:04
2026-04-17,04:24,06:21,13:29,17:17,20:26,22:06
2026-04-18,04:22,06:19,13:28,17:17,20:28,22:08
2026-04-19,04:19,06:17,13:28,17:18,20:29,22:11
2026-04-20,04:16,06:15,13:28,17:19,20:31,22:13
2026-04-21,04:13,06:13,13:28,17:19,20:32,22:15
2026-04-22,04:10,06:11,13:27,17:20,20:34,22:17
2026-04-23,04:07,06:09,13:27,17:21,20:35,22:20
2026-04-24,04:04,06:07,13:27,17:21,20:37,22:22
2026-04-25,04:04,06:05,13:27,17:22,20:39,22:24
2026-04-26,04:03,06:03,13:27,17:23,20:40,22:27
2026-04-27,04:03,06:01,13:27,17:23,20:42,22:29
2026-04-28,04:02,06:00,13:26,17:24,20:43,22:30
2026-04-29,04:02,05:58,13:26,17:24,20:45,22:31
2026-04-30,04:01,05:56,13:26,17:25,20:46,22:32
2026-05-01,04:01,05:54,13:26,17:26,20:48,22:32
2026-05-02,04:00,05:52,13:26,17:26,20:49,22:33
2026-05-03,03:59,05:51,13:26,17:27,20:51,22:33
2026-05-04,03:59,05:49,13:26,17:27,20:52,22:34
2026-05-05,03:58,05:47,13:26,17:28,20:54,22:34
2026-05-06,03:58,05:46,13:26,17:29,20:55,22:35
2026-05-07,03:57,05:44,13:25,17:29,20:57,22:35
2026-05-08,03:57,05:42,13:25,17:30,20:58,22:36
2026-05-09,03:56,05:41,13:25,17:30,21:00,22:37
2026-05-10,03:56,05:39,13:25,17:31,21:01,22:37
2026-05-11,03:55,05:38,13:25,17:31,21:03,22:38
2026-05-12,03:55,05:36,13:25,17:32,21:04,22:38
2026-05-13,03:54,05:35,13:25,17:33,21:06,22:39
2026-05-14,03:54,05:33,13:25,17:33,21:07,22:39
2026-05-15,03:53,05:32,13:25,17:34,21:08,22:40
2026-05-16,03:53,05:31,13:25,17:34,21:10,22:40
2026-05-17,03:52,05:29,13:25,17:35,21:11,22:41
2026-05-18,03:52,05:28,13:25,17:35,21:13,22:42
2026-05-19,03:51,05:27,13:25,17:36,21:14,22:42
2026-05-20,03:51,05:25,13:25,17:36,21:15,22:43
2026-05-21,03:50,05:24,13:25,17:37,21:17,22:43
2026-05-22,03:50,05:23,13:26,17:37,21:18,22:44
2026-05-23,03:49,05:22,13:26,17:38,21:19,22:44
2026-05-24,03:49,05:21,13:26,17:38,21:20,22:45
2026-05-25,03:48,05:20,13:26,17:39,21:22,22:45
2026-05-26,03:48,05:19,13:26,17:39,21:23,22:46
2026-05-27,03:47,05:18,13:26,17:40,21:24,22:47
2026-05-28,03:47,05:17,13:26,17:40,21:25,22:47
2026-05-29,03:46,05:16,13:26,17:41,21:26,22:48
2026-05-30,03:46,05:15,13:26,17:41,21:27,22:48
2026-05-31,03:45,05:14,13:26,17:42,21:29,22:49
2026-06-01,03:45,05:14,13:27,17:42,21:30,22:49
2026-06-02,03:44,05:13,13:27,17:42,21:31,22:50
2026-06-03,03:44,05:12,13:27,17:43,21:32,22:50
2026-06-04,03:43,05:12,13:27,17:43,21:33,22:51
2026-06-05,03:43,05:11,13:27,17:44,21:33,22:52
2026-06-06,03:43,05:11,13:27,17:44,21:34,22:52
2026-06-07,03:43,05:10,13:28,17:45,21:35,22:53
2026-06-08,03:42,05:10,13:28,17:45,21:36,22:54
2026-06-09,03:42,05:09,13:28,17:45,21:37,22:54
2026-06-10,03:42,05:09,13:28,17:46,21:37,22:55
2026-06-11,03:42,05:09,13:28,17:46,21:38,22:55
2026-06-12,03:42,05:08,13:29,17:46,21:39,22:56
2026-06-13,03:42,05:08,13:29,17:47,21:39,22:56
2026-06-14,03:42,05:08,13:29,17:47,21:40,22:57
2026-06-15,03:42,05:08,13:29,17:47,21:41,22:57
2026-06-16,03:42,05:08,13:29,17:48,21:41,22:58
2026-06-17,03:42,05:08,13:30,17:48,21:41,22:58
2026-06-18,03:42,05:08,13:30,17:48,21:42,22:58
2026-06-19,03:42,05:08,13:30,17:48,21:42,22:59
2026-06-20,03:42,05:08,13:30,17:49,21:43,22:59
2026-06-21,03:43,05:08,13:31,17:49,21:43,22:59
2026-06-22,03:43,05:09,13:31,17:49,21:43,22:59
2026-06-23,03:43,05:09,13:31,17:49,21:43,22:59
2026-06-24,03:43,05:09,13:31,17:49,21:43,23:00
2026-06-25,03:44,05:10,13:31,17:50,21:43,23:00
2026-06-26,03:44,05:10,13:32,17:50,21:43,23:00
2026-06-27,03:44,05:10,13:32,17:50,21:43,23:00
2026-06-28,03:45,05:11,13:32,17:50,21:43,23:00
2026-06-29,03:45,05:11,13:32,17:50,21:43,23:00
2026-06-30,03:45,05:12,13:32,17:50,21:43,23:00
2026-07-01,03:46,05:13,13:33,17:50,21:43,23:00
2026-07-02,03:46,05:13,13:33,17:50,21:42,23:00
2026-07-03,03:47,05:14,13:33,17:50,21:42,22:59
2026-07-04,03:47,05:15,13:33,17:50,21:42,22:59
2026-07-05,03:48,05:15,13:33,17:50,21:41,22:59
2026-07-06,03:49,05:16,13:34,17:50,21:41,22:59
2026-07-07,03:49,05:17,13:34,17:50,21:40,22:59
2026-07-08,03:50,05:18,13:34,17:50,21:40,22:58
2026-07-09,03:50,05:19,13:34,17:50,21:39,22:58
2026-07-10,03:51,05:20,13:34,17:50,21:39,22:58
2026-07-11,03:51,05:21,13:34,17:50,21:38,22:57
2026-07-12,03:52,05:22,13:34,17:50,21:37,22:56
2026-07-13,03:52,05:23,13:35,17:50,21:36,22:56
2026-07-14,03:53,05:24,13:35,17:49,21:36,22:55
2026-07-15,03:53,05:25,13:35,17:49,21:35,22:55
2026-07-16,03:54,05:26,13:35,17:49,21:34,22:54
2026-07-17,03:54,05:27,13:35,17:49,21:33,22:54
2026-07-18,03:55,05:28,13:35,17:48,21:32,22:53
2026-07-19,03:55,05:30,13:35,17:48,21:31,22:53
2026-07-20,03:56,05:31,13:35,17:48,21:30,22:52
2026-07-21,03:56,05:32,13:35,17:47,21:29,22:51
2026-07-22,03:57,05:33,13:35,17:47,21:27,22:51
2026-07-23,03:57,05:34,13:35,17:47,21:26,22:50
2026-07-24,03:58,05:36,13:35,17:46,21:25,22:50
2026-07-25,03:58,05:37,13:35,17:46,21:24,22:49
2026-07-26,03:59,05:38,13:35,17:45,21:23,22:49
2026-07-27,03:59,05:40,13:35,17:45,21:21,22:48
2026-07-28,04:00,05:41,13:35,17:44,21:20,22:48
2026-07-29,04:00,05:42,13:35,17:44,21:18,22:47
2026-07-30,04:01,05:44,13:35,17:43,21:17,22:46
2026-07-31,04:01,05:45,13:35,17:43,21:16,22:46
2026-08-01,04:02,05:46,13:35,17:42,21:14,22:45
2026-08-02,04:02,05:48,13:35,17:41,21:13,22:45
2026-08-03,04:03,05:49,13:35,17:41,21:11,22:44
2026-08-04,04:03,05:51,13:35,17:40,21:09,22:44
2026-08-05,04:04,05:52,13:35,17:39,21:08,22:43
2026-08-06,04:04,05:54,13:35,17:39,21:06,22:43
2026-08-07,04:05,05:55,13:35,17:38,21:04,22:42
2026-08-08,04:05,05:56,13:35,17:37,21:03,22:41
2026-08-09,04:06,05:58,13:34,17:36,21:01,22:41
2026-08-10,04:06,05:59,13:34,17:35,20:59,22:40
2026-08-11,04:07,06:01,13:34,17:34,20:58,22:40
2026-08-12,04:07,06:02,13:34,17:34,20:56,22:39
2026-08-13,04:08,06:04,13:34,17:33,20:54,22:39
2026-08-14,04:08,06:05,13:34,17:32,20:52,22:38
2026-08-15,04:09,06:07,13:33,17:31,20:50,22:38
2026-08-16,04:09,06:08,13:33,17:30,20:48,22:36
2026-08-17,04:10,06:10,13:33,17:29,20:47,22:33
2026-08-18,04:10,06:11,13:33,17:28,20:45,22:31
2026-08-19,04:11,06:12,13:33,17:27,20:43,22:28
2026-08-20,04:12,06:14,13:32,17:26,20:41,22:25
2026-08-21,04:14,06:15,13:32,17:25,20:39,22:22
2026-08-22,04:17,06:17,13:32,17:24,20:37,22:20
2026-08-23,04:19,06:18,13:32,17:23,20:35,22:17
2026-08-24,04:21,06:20,13:31,17:21,20:33,22:14
2026-08-25,04:24,06:21,13:31,17:20,20:31,22:12
2026-08-26,04:26,06:23,13:31,17:19,20:29,22:09
2026-08-27,04:28,06:24,13:31,17:18,20:27,22:06
2026-08-28,04:31,06:26,13:30,17:17,20:25,22:04
2026-08-29,04:33,06:27,13:30,17:15,20:23,22:01
2026-08-30,04:35,06:29,13:30,17:14,20:21,21:58
2026-08-31,04:37,06:30,13:29,17:13,20:18,21:56
2026-09-01,04:39,06:32,13:29,17:12,20:16,21:53
2026-09-02,04:42,06:33,13:29,17:10,20:14,21:50
2026-09-03,04:44,06:35,13:28,17:09,20:12,21:48
2026-09-04,04:46,06:36,13:28,17:08,20:10,21:45
2026-09-05,04:48,06:38,13:28,17:06,20:08,21:43
2026-09-06,04:50,06:39,13:27,17:05,20:06,21:40
2026-09-07,04:52,06:41,13:27,17:04,20:04,21:37
2026-09-08,04:54,06:42,13:27,17:02,20:01,21:35
2026-09-09,04:56,06:43,13:26,17:01,19:59,21:32
2026-09-10,04:58,06:45,13:26,16:59,19:57,21:30
2026-09-11,05:00,06:46,13:26,16:58,19:55,21:27
2026-09-12,05:02,06:48,13:25,16:56,19:53,21:25
2026-09-13,05:04,06:49,13:25,16:55,19:51,21:22
2026-09-14,05:06,06:51,13:25,16:53,19:48,21:20
2026-09-15,05:07,06:52,13:24,16:52,19:46,21:17
2026-09-16,05:09,06:54,13:24,16:50,19:44,21:15
2026-09-17,05:11,06:55,13:24,16:49,19:42,21:12
2026-09-18,05:13,06:57,13:23,16:47,19:40,21:10
2026-09-19,05:15,06:58,13:23,16:46,19:37,21:07
2026-09-20,05:17,07:00,13:22,16:44,19:35,21:05
2026-09-21,05:18,07:01,13:22,16:43,19:33,21:02
2026-09-22,05:20,07:03,13:22,16:41,19:31,21:00
2026-09-23,05:22,07:04,13:21,16:40,19:29,20:58
2026-09-24,05:24,07:06,13:21,16:38,19:26,20:55
2026-09-25,05:25,07:07,13:21,16:37,19:24,20:53
2026-09-26,05:27,07:09,13:20,16:35,19:22,20:50
2026-09-27,05:29,07:10,13:20,16:33,19:20,20:48
2026-09-28,05:30,07:12,13:20,16:32,19:18,20:46
2026-09-29,05:32,07:13,13:19,16:30,19:15,20:43
2026-09-30,05:34,07:15,13:19,16:29,19:13,20:41
2026-10-01,05:36,07:16,13:19,16:27,19:11,20:39
2026-10-02,05:37,07:18,13:18,16:25,19:09,20:37
2026-10-03,05:39,07:19,13:18,16:24,19:07,20:34
2026-10-04,05:40,07:21,13:18,16:22,19:05,20:32
2026-10-05,05:42,07:22,13:17,16:20,19:02,20:30
2026-10-06,05:44,07:24,13:17,16:19,19:00,20:28
2026-10-07,05:45,07:25,13:17,16:17,18:58,20:26
2026-10-08,05:47,07:27,13:17,16:16,18:56,20:24
2026-10-09,05:48,07:29,13:16,16:14,18:54,20:21
2026-10-10,05:50,07:30,13:16,16:12,18:52,20:19
2026-10-11,05:52,07:32,13:16,16:11,18:50,20:17
2026-10-12,05:53,07:33,13:15,16:09,18:48,20:15
2026-10-13,05:55,07:35,13:15,16:08,18:46,20:13
2026-10-14,05:56,07:36,13:15,16:06,18:44,20:11
2026-10-15,05:58,07:38,13:15,16:04,18:42,20:09
2026-10-16,05:59,07:40,13:15,16:03,18:40,20:07
2026-10-17,06:01,07:41,13:14,16:01,18:37,20:05
2026-10-18,06:02,07:43,13:14,16:00,18:35,20:03
2026-10-19,06:04,07:44,13:14,15:58,18:34,20:01
2026-10-20,06:06,07:46,13:14,15:57,18:32,19:59
2026-10-21,06:07,07:48,13:14,15:55,18:30,19:58
2026-10-22,06:09,07:49,13:13,15:54,18:28,19:56
2026-10-23,06:10,07:51,13:13,15:52,18:26,19:54
2026-10-24,06:12,07:52,13:13,15:51,18:24,19:52
2026-10-25,05:13,06:54,12:13,14:49,17:22,18:51
2026-10-26,05:15,06:56,12:13,14:48,17:20,18:49
2026-10-27,05:16,06:57,12:13,14:46,17:18,18:47
2026-10-28,05:17,06:59,12:13,14:45,17:16,18:45
2026-10-29,05:19,07:01,12:13,14:43,17:15,18:44
2026-10-30,05:20,07:02,12:13,14:42,17:13,18:42
2026-10-31,05:22,07:04,12:12,14:41,17:11,18:41
2026-11-01,05:23,07:05,12:12,14:39,17:09,18:39
2026-11-02,05:25,07:07,12:12,14:38,17:08,18:38
2026-11-03,05:26,07:09,12:12,14:37,17:06,18:36
2026-11-04,05:28,07:10,12:12,14:35,17:04,18:35
2026-11-05,05:29,07:12,12:12,14:34,17:03,18:33
2026-11-06,05:31,07:14,12:12,14:33,17:01,18:32
2026-11-07,05:32,07:15,12:12,14:32,17:00,18:31
2026-11-08,05:33,07:17,12:13,14:30,16:58,18:29
2026-11-09,05:35,07:19,12:13,14:29,16:57,18:28
2026-11-10,05:36,07:20,12:13,14:28,16:55,18:27
2026-11-11,05:38,07:22,12:13,14:27,16:54,18:26
2026-11-12,05:39,07:24,12:13,14:26,16:52,18:24
2026-11-13,05:40,07:25,12:13,14:25,16:51,18:23
2026-11-14,05:42,07:27,12:13,14:24,16:50,18:22
2026-11-15,05:43,07:28,12:13,14:23,16:48,18:21
2026-11-16,05:44,07:30,12:14,14:22,16:47,18:20
2026-11-17,05:46,07:32,12:14,14:21,16:46,18:19
2026-11-18,05:47,07:33,12:14,14:20,16:45,18:18
2026-11-19,05:48,07:35,12:14,14:19,16:43,18:17
2026-11-20,05:50,07:36,12:14,14:18,16:42,18:16
2026-11-21,05:51,07:38,12:15,14:17,16:41,18:16
2026-11-22,05:52,07:39,12:15,14:17,16:40,18:15
2026-11-23,05:53,07:41,12:15,14:16,16:39,18:14
2026-11-24,05:55,07:42,12:15,14:15,16:38,18:13
2026-11-25,05:56,07:44,12:16,14:14,16:37,18:13
2026-11-26,05:57,07:45,12:16,14:14,16:37,18:12
2026-11-27,05:58,07:47,12:16,14:13,16:36,18:12
2026-11-28,05:59,07:48,12:17,14:13,16:35,18:11
2026-11-29,06:01,07:50,12:17,14:12,16:34,18:11
2026-11-30,06:02,07:51,12:17,14:12,16:34,18:10
2026-12-01,06:03,07:52,12:18,14:11,16:33,18:10
2026-12-02,06:04,07:54,12:18,14:11,16:32,18:09
2026-12-03,06:05,07:55,12:18,14:11,16:32,18:09
2026-12-04,06:06,07:56,12:19,14:10,16:32,18:09
2026-12-05,06:07,07:57,12:19,14:10,16:31,18:09
2026-12-06,06:08,07:59,12:20,14:10,16:31,18:08
2026-12-07,06:09,08:00,12:20,14:10,16:30,18:08
2026-12-08,06:10,08:01,12:21,14:10,16:30,18:08
2026-12-09,06:11,08:02,12:21,14:10,16:30,18:08
2026-12-10,06:12,08:03,12:21,14:10,16:30,18:08
2026-12-11,06:13,08:04,12:22,14:10,16:30,18:08
2026-12-12,06:14,08:05,12:22,14:10,16:30,18:08
2026-12-13,06:14,08:06,12:23,14:10,16:30,18:08
2026-12-14,06:15,08:07,12:23,14:10,16:30,18:08
2026-12-15,06:16,08:08,12:24,14:10,16:30,18:09
2026-12-16,06:17,08:08,12:24,14:10,16:30,18:09
2026-12-17,06:17,08:09,12:25,14:11,16:30,18:09
2026-12-18,06:18,08:10,12:25,14:11,16:30,18:10
2026-12-19,06:19,08:11,12:26,14:11,16:31,18:10
2026-12-20,06:19,08:11,12:26,14:12,16:31,18:10
2026-12-21,06:20,08:12,12:27,14:12,16:32,18:11
2026-12-22,06:20,08:12,12:27,14:13,16:32,18:11
2026-12-23,06:21,08:13,12:28,14:13,16:33,18:12
2026-12-24,06:21,08:13,12:28,14:14,16:33,18:12
2026-12-25,06:21,08:13,12:29,14:14,16:34,18:13
2026-12-26,06:22,08:14,12:29,14:15,16:35,18:14
2026-12-27,06:22,08:14,12:30,14:16,16:35,18:14
2026-12-28,06:22,08:14,12:30,14:16,16:36,18:15
2026-12-29,06:23,08:14,12:31,14:17,16:37,18:16
2026-12-30,06:23,08:15,12:31,14:18,16:38,18:16
2026-12-31,06:23,08:15,12:32,14:19,16:39,18:17
